Data;Taxa (% a.a.)
23/06/2023;13,65
22/06/2023;13,65
21/06/2023;13,65
20/06/2023;13,65
19/06/2023;13,65
16/06/2023;13,65
15/06/2023;13,65
14/06/2023;13,65
13/06/2023;13,65
12/06/2023;13,65
09/06/2023;13,65
07/06/2023;13,65
06/06/2023;13,65
05/06/2023;13,65
02/06/2023;13,65
01/06/2023;13,65
31/05/2023;13,65
30/05/2023;13,65
29/05/2023;13,65
26/05/2023;13,65
25/05/2023;13,65
24/05/2023;13,65
23/05/2023;13,65
22/05/2023;13,65
19/05/2023;13,65
18/05/2023;13,65
17/05/2023;13,65
16/05/2023;13,65
15/05/2023;13,65
12/05/2023;13,65
11/05/2023;13,65
10/05/2023;13,65
09/05/2023;13,65
08/05/2023;13,65
05/05/2023;13,65
04/05/2023;13,65
03/05/2023;13,65
02/05/2023;13,65
28/04/2023;13,65
27/04/2023;13,65
26/04/2023;13,65
25/04/2023;13,65
24/04/2023;13,65
20/04/2023;13,65
19/04/2023;13,65
18/04/2023;13,65
17/04/2023;13,65
14/04/2023;13,65
13/04/2023;13,65
12/04/2023;13,65
11/04/2023;13,65
10/04/2023;13,65
06/04/2023;13,65
05/04/2023;13,65
04/04/2023;13,65
03/04/2023;13,65
31/03/2023;13,65
30/03/2023;13,65
29/03/2023;13,65
28/03/2023;13,65
27/03/2023;13,65
24/03/2023;13,65
23/03/2023;13,65
22/03/2023;13,65
21/03/2023;13,65
20/03/2023;13,65
17/03/2023;13,65
16/03/2023;13,65
15/03/2023;13,65
14/03/2023;13,65
13/03/2023;13,65
10/03/2023;13,65
09/03/2023;13,65
08/03/2023;13,65
07/03/2023;13,65
06/03/2023;13,65
03/03/2023;13,65
02/03/2023;13,65
01/03/2023;13,65
28/02/2023;13,65
27/02/2023;13,65
24/02/2023;13,65
23/02/2023;13,65
22/02/2023;13,65
17/02/2023;13,65
16/02/2023;13,65
15/02/2023;13,65
14/02/2023;13,65
13/02/2023;13,65
10/02/2023;13,65
09/02/2023;13,65
08/02/2023;13,65
07/02/2023;13,65
06/02/2023;13,65
03/02/2023;13,65
02/02/2023;13,65
01/02/2023;13,65
31/01/2023;13,65
30/01/2023;13,65
27/01/2023;13,65
26/01/2023;13,65
25/01/2023;13,65
24/01/2023;13,65
23/01/2023;13,65
20/01/2023;13,65
19/01/2023;13,65
18/01/2023;13,65
17/01/2023;13,65
16/01/2023;13,65
13/01/2023;13,65
12/01/2023;13,65
11/01/2023;13,65
10/01/2023;13,65
09/01/2023;13,65
06/01/2023;13,65
05/01/2023;13,65
04/01/2023;13,65
03/01/2023;13,65
02/01/2023;13,65
30/12/2022;13,65
29/12/2022;13,65
28/12/2022;13,65
27/12/2022;13,65
26/12/2022;13,65
23/12/2022;13,65
22/12/2022;13,65
21/12/2022;13,65
20/12/2022;13,65
19/12/2022;13,65
16/12/2022;13,65
15/12/2022;13,65
14/12/2022;13,65
13/12/2022;13,65
12/12/2022;13,65
09/12/2022;13,65
08/12/2022;13,65
07/12/2022;13,65
06/12/2022;13,65
05/12/2022;13,65
02/12/2022;13,65
01/12/2022;13,65
30/11/2022;13,65
29/11/2022;13,65
28/11/2022;13,65
25/11/2022;13,65
24/11/2022;13,65
23/11/2022;13,65
22/11/2022;13,65
21/11/2022;13,65
18/11/2022;13,65
17/11/2022;13,65
16/11/2022;13,65
14/11/2022;13,65
11/11/2022;13,65
10/11/2022;13,65
09/11/2022;13,65
08/11/2022;13,65
07/11/2022;13,65
04/11/2022;13,65
03/11/2022;13,65
01/11/2022;13,65
31/10/2022;13,65
28/10/2022;13,65
27/10/2022;13,65
26/10/2022;13,65
25/10/2022;13,65
24/10/2022;13,65
21/10/2022;13,65
20/10/2022;13,65
19/10/2022;13,65
18/10/2022;13,65
17/10/2022;13,65
14/10/2022;13,65
13/10/2022;13,65
11/10/2022;13,65
10/10/2022;13,65
07/10/2022;13,65
06/10/2022;13,65
05/10/2022;13,65
04/10/2022;13,65
03/10/2022;13,65
30/09/2022;13,65
29/09/2022;13,65
28/09/2022;13,65
27/09/2022;13,65
26/09/2022;13,65
23/09/2022;13,65
22/09/2022;13,65
21/09/2022;13,65
20/09/2022;13,65
19/09/2022;13,65
16/09/2022;13,65
15/09/2022;13,65
14/09/2022;13,65
13/09/2022;13,65
12/09/2022;13,65
09/09/2022;13,65
08/09/2022;13,65
06/09/2022;13,65
05/09/2022;13,65
02/09/2022;13,65
01/09/2022;13,65
31/08/2022;13,65
30/08/2022;13,65
29/08/2022;13,65
26/08/2022;13,65
25/08/2022;13,65
24/08/2022;13,65
23/08/2022;13,65
22/08/2022;13,65
19/08/2022;13,65
18/08/2022;13,65
17/08/2022;13,65
16/08/2022;13,65
15/08/2022;13,65
12/08/2022;13,65
11/08/2022;13,65
10/08/2022;13,65
09/08/2022;13,65
08/08/2022;13,65
05/08/2022;13,65
04/08/2022;13,65
03/08/2022;13,15
02/08/2022;13,15
01/08/2022;13,15
29/07/2022;13,15
28/07/2022;13,15
27/07/2022;13,15
26/07/2022;13,15
25/07/2022;13,15
22/07/2022;13,15
21/07/2022;13,15
20/07/2022;13,15
19/07/2022;13,15
18/07/2022;13,15
15/07/2022;13,15
14/07/2022;13,15
13/07/2022;13,15
12/07/2022;13,15
11/07/2022;13,15
08/07/2022;13,15
07/07/2022;13,15
06/07/2022;13,15
05/07/2022;13,15
04/07/2022;13,15
01/07/2022;13,15
30/06/2022;13,15
29/06/2022;13,15
28/06/2022;13,15
27/06/2022;13,15
24/06/2022;13,15
23/06/2022;13,15
22/06/2022;13,15
21/06/2022;13,15
20/06/2022;13,15
17/06/2022;13,15
15/06/2022;12,65
14/06/2022;12,65
13/06/2022;12,65
10/06/2022;12,65
09/06/2022;12,65
08/06/2022;12,65
07/06/2022;12,65
06/06/2022;12,65
03/06/2022;12,65
02/06/2022;12,65
01/06/2022;12,65
31/05/2022;12,65
30/05/2022;12,65
27/05/2022;12,65
26/05/2022;12,65
25/05/2022;12,65
24/05/2022;12,65
23/05/2022;12,65
20/05/2022;12,65
19/05/2022;12,65
18/05/2022;12,65
17/05/2022;12,65
16/05/2022;12,65
13/05/2022;12,65
12/05/2022;12,65
11/05/2022;12,65
10/05/2022;12,65
09/05/2022;12,65
06/05/2022;12,65
05/05/2022;12,65
04/05/2022;11,65
03/05/2022;11,65
02/05/2022;11,65
29/04/2022;11,65
28/04/2022;11,65
27/04/2022;11,65
26/04/2022;11,65
25/04/2022;11,65
22/04/2022;11,65
20/04/2022;11,65
19/04/2022;11,65
18/04/2022;11,65
14/04/2022;11,65
13/04/2022;11,65
12/04/2022;11,65
11/04/2022;11,65
08/04/2022;11,65
07/04/2022;11,65
06/04/2022;11,65
05/04/2022;11,65
04/04/2022;11,65
01/04/2022;11,65
31/03/2022;11,65
30/03/2022;11,65
29/03/2022;11,65
28/03/2022;11,65
25/03/2022;11,65
24/03/2022;11,65
23/03/2022;11,65
22/03/2022;11,65
21/03/2022;11,65
18/03/2022;11,65
17/03/2022;11,65
16/03/2022;10,65
15/03/2022;10,65
14/03/2022;10,65
11/03/2022;10,65
10/03/2022;10,65
09/03/2022;10,65
08/03/2022;10,65
07/03/2022;10,65
04/03/2022;10,65
03/03/2022;10,65
02/03/2022;10,65
25/02/2022;10,65
24/02/2022;10,65
23/02/2022;10,65
22/02/2022;10,65
21/02/2022;10,65
18/02/2022;10,65
17/02/2022;10,65
16/02/2022;10,65
15/02/2022;10,65
14/02/2022;10,65
11/02/2022;10,65
10/02/2022;10,65
09/02/2022;10,65
08/02/2022;10,65
07/02/2022;10,65
04/02/2022;10,65
03/02/2022;10,65
02/02/2022;9,15
01/02/2022;9,15
31/01/2022;9,15
28/01/2022;9,15
27/01/2022;9,15
26/01/2022;9,15
25/01/2022;9,15
24/01/2022;9,15
21/01/2022;9,15
20/01/2022;9,15
19/01/2022;9,15
18/01/2022;9,15
17/01/2022;9,15
14/01/2022;9,15
13/01/2022;9,15
12/01/2022;9,15
11/01/2022;9,15
10/01/2022;9,15
07/01/2022;9,15
06/01/2022;9,15
05/01/2022;9,15
04/01/2022;9,15
03/01/2022;9,15
31/12/2021;9,15
30/12/2021;9,15
29/12/2021;9,15
28/12/2021;9,15
27/12/2021;9,15
24/12/2021;9,15
23/12/2021;9,15
22/12/2021;9,15
21/12/2021;9,15
20/12/2021;9,15
17/12/2021;9,15
16/12/2021;9,15
15/12/2021;9,15
14/12/2021;9,15
13/12/2021;9,15
10/12/2021;9,15
09/12/2021;9,15
08/12/2021;7,65
07/12/2021;7,65
06/12/2021;7,65
03/12/2021;7,65
02/12/2021;7,65
01/12/2021;7,65
30/11/2021;7,65
29/11/2021;7,65
26/11/2021;7,65
25/11/2021;7,65
24/11/2021;7,65
23/11/2021;7,65
22/11/2021;7,65
19/11/2021;7,65
18/11/2021;7,65
17/11/2021;7,65
16/11/2021;7,65
12/11/2021;7,65
11/11/2021;7,65
10/11/2021;7,65
09/11/2021;7,65
08/11/2021;7,65
05/11/2021;7,65
04/11/2021;7,65
03/11/2021;7,65
01/11/2021;7,65
29/10/2021;7,65
28/10/2021;7,65
27/10/2021;6,15
26/10/2021;6,15
25/10/2021;6,15
22/10/2021;6,15
21/10/2021;6,15
20/10/2021;6,15
19/10/2021;6,15
18/10/2021;6,15
15/10/2021;6,15
14/10/2021;6,15
13/10/2021;6,15
11/10/2021;6,15
08/10/2021;6,15
07/10/2021;6,15
06/10/2021;6,15
05/10/2021;6,15
04/10/2021;6,15
01/10/2021;6,15
30/09/2021;6,15
29/09/2021;6,15
28/09/2021;6,15
27/09/2021;6,15
24/09/2021;6,15
23/09/2021;6,15
22/09/2021;5,15
21/09/2021;5,15
20/09/2021;5,15
17/09/2021;5,15
16/09/2021;5,15
15/09/2021;5,15
14/09/2021;5,15
13/09/2021;5,15
10/09/2021;5,15
09/09/2021;5,15
08/09/2021;5,15
06/09/2021;5,15
03/09/2021;5,15
02/09/2021;5,15
01/09/2021;5,15
31/08/2021;5,15
30/08/2021;5,15
27/08/2021;5,15
26/08/2021;5,15
25/08/2021;5,15
24/08/2021;5,15
23/08/2021;5,15
20/08/2021;5,15
19/08/2021;5,15
18/08/2021;5,15
17/08/2021;5,15
16/08/2021;5,15
13/08/2021;5,15
12/08/2021;5,15
11/08/2021;5,15
10/08/2021;5,15
09/08/2021;5,15
06/08/2021;5,15
05/08/2021;5,15
04/08/2021;4,15
03/08/2021;4,15
02/08/2021;4,15
30/07/2021;4,15
29/07/2021;4,15
28/07/2021;4,15
27/07/2021;4,15
26/07/2021;4,15
23/07/2021;4,15
22/07/2021;4,15
21/07/2021;4,15
20/07/2021;4,15
19/07/2021;4,15
16/07/2021;4,15
15/07/2021;4,15
14/07/2021;4,15
13/07/2021;4,15
12/07/2021;4,15
09/07/2021;4,15
08/07/2021;4,15
07/07/2021;4,15
06/07/2021;4,15
05/07/2021;4,15
02/07/2021;4,15
01/07/2021;4,15
30/06/2021;4,15
29/06/2021;4,15
28/06/2021;4,15
25/06/2021;4,15
24/06/2021;4,15
23/06/2021;4,15
22/06/2021;4,15
21/06/2021;4,15
18/06/2021;4,15
17/06/2021;4,15
16/06/2021;3,4
15/06/2021;3,4
14/06/2021;3,4
11/06/2021;3,4
10/06/2021;3,4
09/06/2021;3,4
08/06/2021;3,4
07/06/2021;3,4
04/06/2021;3,4
02/06/2021;3,4
01/06/2021;3,4
31/05/2021;3,4
28/05/2021;3,4
27/05/2021;3,4
26/05/2021;3,4
25/05/2021;3,4
24/05/2021;3,4
21/05/2021;3,4
20/05/2021;3,4
19/05/2021;3,4
18/05/2021;3,4
17/05/2021;3,4
14/05/2021;3,4
13/05/2021;3,4
12/05/2021;3,4
11/05/2021;3,4
10/05/2021;3,4
07/05/2021;3,4
06/05/2021;3,4
05/05/2021;2,65
04/05/2021;2,65
03/05/2021;2,65
30/04/2021;2,65
29/04/2021;2,65
28/04/2021;2,65
27/04/2021;2,65
26/04/2021;2,65
23/04/2021;2,65
22/04/2021;2,65
20/04/2021;2,65
19/04/2021;2,65
16/04/2021;2,65
15/04/2021;2,65
14/04/2021;2,65
13/04/2021;2,65
12/04/2021;2,65
09/04/2021;2,65
08/04/2021;2,65
07/04/2021;2,65
06/04/2021;2,65
05/04/2021;2,65
01/04/2021;2,65
31/03/2021;2,65
30/03/2021;2,65
29/03/2021;2,65
26/03/2021;2,65
25/03/2021;2,65
24/03/2021;2,65
23/03/2021;2,65
22/03/2021;2,65
19/03/2021;2,65
18/03/2021;2,65
17/03/2021;1,9
16/03/2021;1,9
15/03/2021;1,9
12/03/2021;1,9
11/03/2021;1,9
10/03/2021;1,9
09/03/2021;1,9
08/03/2021;1,9
05/03/2021;1,9
04/03/2021;1,9
03/03/2021;1,9
02/03/2021;1,9
01/03/2021;1,9
26/02/2021;1,9
25/02/2021;1,9
24/02/2021;1,9
23/02/2021;1,9
22/02/2021;1,9
19/02/2021;1,9
18/02/2021;1,9
17/02/2021;1,9
12/02/2021;1,9
11/02/2021;1,9
10/02/2021;1,9
09/02/2021;1,9
08/02/2021;1,9
05/02/2021;1,9
04/02/2021;1,9
03/02/2021;1,9
02/02/2021;1,9
01/02/2021;1,9
29/01/2021;1,9
28/01/2021;1,9
27/01/2021;1,9
26/01/2021;1,9
25/01/2021;1,9
22/01/2021;1,9
21/01/2021;1,9
20/01/2021;1,9
19/01/2021;1,9
18/01/2021;1,9
15/01/2021;1,9
14/01/2021;1,9
13/01/2021;1,9
12/01/2021;1,9
11/01/2021;1,9
08/01/2021;1,9
07/01/2021;1,9
06/01/2021;1,9
05/01/2021;1,9
04/01/2021;1,9
31/12/2020;1,9
30/12/2020;1,9
29/12/2020;1,9
28/12/2020;1,9
24/12/2020;1,9
23/12/2020;1,9
22/12/2020;1,9
21/12/2020;1,9
18/12/2020;1,9
17/12/2020;1,9
16/12/2020;1,9
15/12/2020;1,9
14/12/2020;1,9
11/12/2020;1,9
10/12/2020;1,9
09/12/2020;1,9
08/12/2020;1,9
07/12/2020;1,9
04/12/2020;1,9
03/12/2020;1,9
02/12/2020;1,9
01/12/2020;1,9
30/11/2020;1,9
27/11/2020;1,9
26/11/2020;1,9
25/11/2020;1,9
24/11/2020;1,9
23/11/2020;1,9
20/11/2020;1,9
19/11/2020;1,9
18/11/2020;1,9
17/11/2020;1,9
16/11/2020;1,9
13/11/2020;1,9
12/11/2020;1,9
11/11/2020;1,9
10/11/2020;1,9
09/11/2020;1,9
06/11/2020;1,9
05/11/2020;1,9
04/11/2020;1,9
03/11/2020;1,9
30/10/2020;1,9
29/10/2020;1,9
28/10/2020;1,9
27/10/2020;1,9
26/10/2020;1,9
23/10/2020;1,9
22/10/2020;1,9
21/10/2020;1,9
20/10/2020;1,9
19/10/2020;1,9
16/10/2020;1,9
15/10/2020;1,9
14/10/2020;1,9
13/10/2020;1,9
09/10/2020;1,9
08/10/2020;1,9
07/10/2020;1,9
06/10/2020;1,9
05/10/2020;1,9
02/10/2020;1,9
01/10/2020;1,9
30/09/2020;1,9
29/09/2020;1,9
28/09/2020;1,9
25/09/2020;1,9
24/09/2020;1,9
23/09/2020;1,9
22/09/2020;1,9
21/09/2020;1,9
18/09/2020;1,9
17/09/2020;1,9
16/09/2020;1,9
15/09/2020;1,9
14/09/2020;1,9
11/09/2020;1,9
10/09/2020;1,9
09/09/2020;1,9
08/09/2020;1,9
04/09/2020;1,9
03/09/2020;1,9
02/09/2020;1,9
01/09/2020;1,9
31/08/2020;1,9
28/08/2020;1,9
27/08/2020;1,9
26/08/2020;1,9
25/08/2020;1,9
24/08/2020;1,9
21/08/2020;1,9
20/08/2020;1,9
19/08/2020;1,9
18/08/2020;1,9
17/08/2020;1,9
14/08/2020;1,9
13/08/2020;1,9
12/08/2020;1,9
11/08/2020;1,9
10/08/2020;1,9
07/08/2020;1,9
06/08/2020;1,9
05/08/2020;2,15
04/08/2020;2,15
03/08/2020;2,15
31/07/2020;2,15
30/07/2020;2,15
29/07/2020;2,15
28/07/2020;2,15
27/07/2020;2,15
24/07/2020;2,15
23/07/2020;2,15
22/07/2020;2,15
21/07/2020;2,15
20/07/2020;2,15
17/07/2020;2,15
16/07/2020;2,15
15/07/2020;2,15
14/07/2020;2,15
13/07/2020;2,15
10/07/2020;2,15
09/07/2020;2,15
08/07/2020;2,15
07/07/2020;2,15
06/07/2020;2,15
03/07/2020;2,15
02/07/2020;2,15
01/07/2020;2,15
30/06/2020;2,15
29/06/2020;2,15
26/06/2020;2,15
25/06/2020;2,15
24/06/2020;2,15
23/06/2020;2,15
22/06/2020;2,15
19/06/2020;2,15
18/06/2020;2,15
17/06/2020;2,9
16/06/2020;2,9
15/06/2020;2,9
12/06/2020;2,9
10/06/2020;2,9
09/06/2020;2,9
08/06/2020;2,9
05/06/2020;2,9
04/06/2020;2,9
03/06/2020;2,9
02/06/2020;2,9
01/06/2020;2,9
29/05/2020;2,9
28/05/2020;2,9
27/05/2020;2,9
26/05/2020;2,9
25/05/2020;2,9
22/05/2020;2,9
21/05/2020;2,9
20/05/2020;2,9
19/05/2020;2,9
18/05/2020;2,9
15/05/2020;2,9
14/05/2020;2,9
13/05/2020;2,9
12/05/2020;2,9
11/05/2020;2,9
08/05/2020;2,9
07/05/2020;2,9
06/05/2020;3,65
05/05/2020;3,65
04/05/2020;3,65
30/04/2020;3,65
29/04/2020;3,65
28/04/2020;3,65
27/04/2020;3,65
24/04/2020;3,65
23/04/2020;3,65
22/04/2020;3,65
20/04/2020;3,65
17/04/2020;3,65
16/04/2020;3,65
15/04/2020;3,65
14/04/2020;3,65
13/04/2020;3,65
09/04/2020;3,65
08/04/2020;3,65
07/04/2020;3,65
06/04/2020;3,65
03/04/2020;3,65
02/04/2020;3,65
01/04/2020;3,65
31/03/2020;3,65
30/03/2020;3,65
27/03/2020;3,65
26/03/2020;3,65
25/03/2020;3,65
24/03/2020;3,65
23/03/2020;3,65
20/03/2020;3,65
19/03/2020;3,65
18/03/2020;4,15
17/03/2020;4,15
16/03/2020;4,15
13/03/2020;4,15
12/03/2020;4,15
11/03/2020;4,15
10/03/2020;4,15
09/03/2020;4,15
06/03/2020;4,15
05/03/2020;4,15
04/03/2020;4,15
03/03/2020;4,15
02/03/2020;4,15
28/02/2020;4,15
27/02/2020;4,15
26/02/2020;4,15
21/02/2020;4,15
20/02/2020;4,15
19/02/2020;4,15
18/02/2020;4,15
17/02/2020;4,15
14/02/2020;4,15
13/02/2020;4,15
12/02/2020;4,15
11/02/2020;4,15
10/02/2020;4,15
07/02/2020;4,15
06/02/2020;4,15
05/02/2020;4,4
04/02/2020;4,4
03/02/2020;4,4
31/01/2020;4,4
30/01/2020;4,4
29/01/2020;4,4
28/01/2020;4,4
27/01/2020;4,4
24/01/2020;4,4
23/01/2020;4,4
22/01/2020;4,4
21/01/2020;4,4
20/01/2020;4,4
17/01/2020;4,4
16/01/2020;4,4
15/01/2020;4,4
14/01/2020;4,4
13/01/2020;4,4
10/01/2020;4,4
09/01/2020;4,4
08/01/2020;4,4
07/01/2020;4,4
06/01/2020;4,4
03/01/2020;4,4
02/01/2020;4,4
31/12/2019;4,4
30/12/2019;4,4
27/12/2019;4,4
26/12/2019;4,4
24/12/2019;4,4
23/12/2019;4,4
20/12/2019;4,4
19/12/2019;4,4
18/12/2019;4,4
17/12/2019;4,4
16/12/2019;4,4
13/12/2019;4,4
12/12/2019;4,4
11/12/2019;4,9
10/12/2019;4,9
09/12/2019;4,9
06/12/2019;4,9
05/12/2019;4,9
04/12/2019;4,9
03/12/2019;4,9
02/12/2019;4,9
29/11/2019;4,9
28/11/2019;4,9
27/11/2019;4,9
26/11/2019;4,9
25/11/2019;4,9
22/11/2019;4,9
21/11/2019;4,9
20/11/2019;4,9
19/11/2019;4,9
18/11/2019;4,9
14/11/2019;4,9
13/11/2019;4,9
12/11/2019;4,9
11/11/2019;4,9
08/11/2019;4,9
07/11/2019;4,9
06/11/2019;4,9
05/11/2019;4,9
04/11/2019;4,9
01/11/2019;4,9
31/10/2019;4,9
30/10/2019;5,4
29/10/2019;5,4
28/10/2019;5,4
25/10/2019;5,4
24/10/2019;5,4
23/10/2019;5,4
22/10/2019;5,4
21/10/2019;5,4
18/10/2019;5,4
17/10/2019;5,4
16/10/2019;5,4
15/10/2019;5,4
14/10/2019;5,4
11/10/2019;5,4
10/10/2019;5,4
09/10/2019;5,4
08/10/2019;5,4
07/10/2019;5,4
04/10/2019;5,4
03/10/2019;5,4
02/10/2019;5,4
01/10/2019;5,4
30/09/2019;5,4
27/09/2019;5,4
26/09/2019;5,4
25/09/2019;5,4
24/09/2019;5,4
23/09/2019;5,4
20/09/2019;5,4
19/09/2019;5,4
18/09/2019;5,9
17/09/2019;5,9
16/09/2019;5,9
13/09/2019;5,9
12/09/2019;5,9
11/09/2019;5,9
10/09/2019;5,9
09/09/2019;5,9
06/09/2019;5,9
05/09/2019;5,9
04/09/2019;5,9
03/09/2019;5,9
02/09/2019;5,9
30/08/2019;5,9
29/08/2019;5,9
28/08/2019;5,9
27/08/2019;5,9
26/08/2019;5,9
23/08/2019;5,9
22/08/2019;5,9
21/08/2019;5,9
20/08/2019;5,9
19/08/2019;5,9
16/08/2019;5,9
15/08/2019;5,9
14/08/2019;5,9
13/08/2019;5,9
12/08/2019;5,9
09/08/2019;5,9
08/08/2019;5,9
07/08/2019;5,9
06/08/2019;5,9
05/08/2019;5,9
02/08/2019;5,9
01/08/2019;5,9
31/07/2019;6,4
30/07/2019;6,4
29/07/2019;6,4
26/07/2019;6,4
25/07/2019;6,4
24/07/2019;6,4
23/07/2019;6,4
22/07/2019;6,4
19/07/2019;6,4
18/07/2019;6,4
17/07/2019;6,4
16/07/2019;6,4
15/07/2019;6,4
12/07/2019;6,4
11/07/2019;6,4
10/07/2019;6,4
09/07/2019;6,4
08/07/2019;6,4
05/07/2019;6,4
04/07/2019;6,4
03/07/2019;6,4
02/07/2019;6,4
01/07/2019;6,4
28/06/2019;6,4
27/06/2019;6,4
26/06/2019;6,4
25/06/2019;6,4
24/06/2019;6,4
21/06/2019;6,4
19/06/2019;6,4
18/06/2019;6,4
17/06/2019;6,4
14/06/2019;6,4
13/06/2019;6,4
12/06/2019;6,4
11/06/2019;6,4
10/06/2019;6,4
07/06/2019;6,4
06/06/2019;6,4
05/06/2019;6,4
04/06/2019;6,4
03/06/2019;6,4
31/05/2019;6,4
30/05/2019;6,4
29/05/2019;6,4
28/05/2019;6,4
27/05/2019;6,4
24/05/2019;6,4
23/05/2019;6,4
22/05/2019;6,4
21/05/2019;6,4
20/05/2019;6,4
17/05/2019;6,4
16/05/2019;6,4
15/05/2019;6,4
14/05/2019;6,4
13/05/2019;6,4
10/05/2019;6,4
09/05/2019;6,4
08/05/2019;6,4
07/05/2019;6,4
06/05/2019;6,4
03/05/2019;6,4
02/05/2019;6,4
30/04/2019;6,4
29/04/2019;6,4
26/04/2019;6,4
25/04/2019;6,4
24/04/2019;6,4
23/04/2019;6,4
22/04/2019;6,4
18/04/2019;6,4
17/04/2019;6,4
16/04/2019;6,4
15/04/2019;6,4
12/04/2019;6,4
11/04/2019;6,4
10/04/2019;6,4
09/04/2019;6,4
08/04/2019;6,4
05/04/2019;6,4
04/04/2019;6,4
03/04/2019;6,4
02/04/2019;6,4
01/04/2019;6,4
29/03/2019;6,4
28/03/2019;6,4
27/03/2019;6,4
26/03/2019;6,4
25/03/2019;6,4
22/03/2019;6,4
21/03/2019;6,4
20/03/2019;6,4
19/03/2019;6,4
18/03/2019;6,4
15/03/2019;6,4
14/03/2019;6,4
13/03/2019;6,4
12/03/2019;6,4
11/03/2019;6,4
08/03/2019;6,4
07/03/2019;6,4
06/03/2019;6,4
01/03/2019;6,4
28/02/2019;6,4
27/02/2019;6,4
26/02/2019;6,4
25/02/2019;6,4
22/02/2019;6,4
21/02/2019;6,4
20/02/2019;6,4
19/02/2019;6,4
18/02/2019;6,4
15/02/2019;6,4
14/02/2019;6,4
13/02/2019;6,4
12/02/2019;6,4
11/02/2019;6,4
08/02/2019;6,4
07/02/2019;6,4
06/02/2019;6,4
05/02/2019;6,4
04/02/2019;6,4
01/02/2019;6,4
31/01/2019;6,4
30/01/2019;6,4
29/01/2019;6,4
28/01/2019;6,4
25/01/2019;6,4
24/01/2019;6,4
23/01/2019;6,4
22/01/2019;6,4
21/01/2019;6,4
18/01/2019;6,4
17/01/2019;6,4
16/01/2019;6,4
15/01/2019;6,4
14/01/2019;6,4
11/01/2019;6,4
10/01/2019;6,4
09/01/2019;6,4
08/01/2019;6,4
07/01/2019;6,4
04/01/2019;6,4
03/01/2019;6,4
02/01/2019;6,4
31/12/2018;6,4
28/12/2018;6,4
27/12/2018;6,4
26/12/2018;6,4
24/12/2018;6,4
21/12/2018;6,4
20/12/2018;6,4
19/12/2018;6,4
18/12/2018;6,4
17/12/2018;6,4
14/12/2018;6,4
13/12/2018;6,4
12/12/2018;6,4
11/12/2018;6,4
10/12/2018;6,4
07/12/2018;6,4
06/12/2018;6,4
05/12/2018;6,4
04/12/2018;6,4
03/12/2018;6,4
30/11/2018;6,4
29/11/2018;6,4
28/11/2018;6,4
27/11/2018;6,4
26/11/2018;6,4
23/11/2018;6,4
22/11/2018;6,4
21/11/2018;6,4
20/11/2018;6,4
19/11/2018;6,4
16/11/2018;6,4
14/11/2018;6,4
13/11/2018;6,4
12/11/2018;6,4
09/11/2018;6,4
08/11/2018;6,4
07/11/2018;6,4
06/11/2018;6,4
05/11/2018;6,4
01/11/2018;6,4
31/10/2018;6,4
30/10/2018;6,4
29/10/2018;6,4
26/10/2018;6,4
25/10/2018;6,4
24/10/2018;6,4
23/10/2018;6,4
22/10/2018;6,4
19/10/2018;6,4
18/10/2018;6,4
17/10/2018;6,4
16/10/2018;6,4
15/10/2018;6,4
11/10/2018;6,4
10/10/2018;6,4
09/10/2018;6,4
08/10/2018;6,4
05/10/2018;6,4
04/10/2018;6,4
03/10/2018;6,4
02/10/2018;6,4
01/10/2018;6,4
28/09/2018;6,4
27/09/2018;6,4
26/09/2018;6,4
25/09/2018;6,4
24/09/2018;6,4
21/09/2018;6,4
20/09/2018;6,4
19/09/2018;6,4
18/09/2018;6,4
17/09/2018;6,4
14/09/2018;6,4
13/09/2018;6,4
12/09/2018;6,4
11/09/2018;6,4
10/09/2018;6,4
06/09/2018;6,4
05/09/2018;6,4
04/09/2018;6,4
03/09/2018;6,4
31/08/2018;6,4
30/08/2018;6,4
29/08/2018;6,4
28/08/2018;6,4
27/08/2018;6,4
24/08/2018;6,4
23/08/2018;6,4
22/08/2018;6,4
21/08/2018;6,4
20/08/2018;6,4
17/08/2018;6,4
16/08/2018;6,4
15/08/2018;6,4
14/08/2018;6,4
13/08/2018;6,4
10/08/2018;6,4
09/08/2018;6,4
08/08/2018;6,4
07/08/2018;6,4
06/08/2018;6,4
03/08/2018;6,4
02/08/2018;6,4
01/08/2018;6,4
31/07/2018;6,4
30/07/2018;6,4
27/07/2018;6,4
26/07/2018;6,4
25/07/2018;6,4
24/07/2018;6,4
23/07/2018;6,4
20/07/2018;6,4
19/07/2018;6,4
18/07/2018;6,4
17/07/2018;6,4
16/07/2018;6,4
13/07/2018;6,4
12/07/2018;6,4
11/07/2018;6,4
10/07/2018;6,4
09/07/2018;6,4
06/07/2018;6,4
05/07/2018;6,4
04/07/2018;6,4
03/07/2018;6,4
02/07/2018;6,4
29/06/2018;6,4
28/06/2018;6,4
27/06/2018;6,4
26/06/2018;6,4
25/06/2018;6,4
22/06/2018;6,4
21/06/2018;6,4
20/06/2018;6,4
19/06/2018;6,4
18/06/2018;6,4
15/06/2018;6,4
14/06/2018;6,4
13/06/2018;6,4
12/06/2018;6,4
11/06/2018;6,4
08/06/2018;6,4
07/06/2018;6,4
06/06/2018;6,4
05/06/2018;6,4
04/06/2018;6,4
01/06/2018;6,4
30/05/2018;6,4
29/05/2018;6,4
28/05/2018;6,4
25/05/2018;6,4
24/05/2018;6,4
23/05/2018;6,4
22/05/2018;6,4
21/05/2018;6,4
18/05/2018;6,4
17/05/2018;6,4
16/05/2018;6,4
15/05/2018;6,4
14/05/2018;6,4
11/05/2018;6,4
10/05/2018;6,4
09/05/2018;6,4
08/05/2018;6,4
07/05/2018;6,4
04/05/2018;6,4
03/05/2018;6,4
02/05/2018;6,4
30/04/2018;6,4
27/04/2018;6,4
26/04/2018;6,4
25/04/2018;6,4
24/04/2018;6,4
23/04/2018;6,4
20/04/2018;6,4
19/04/2018;6,4
18/04/2018;6,4
17/04/2018;6,4
16/04/2018;6,4
13/04/2018;6,4
12/04/2018;6,4
11/04/2018;6,4
10/04/2018;6,4
09/04/2018;6,4
06/04/2018;6,4
05/04/2018;6,4
04/04/2018;6,4
03/04/2018;6,4
02/04/2018;6,4
29/03/2018;6,4
28/03/2018;6,4
27/03/2018;6,4
26/03/2018;6,4
23/03/2018;6,4
22/03/2018;6,4
21/03/2018;6,65
20/03/2018;6,65
19/03/2018;6,65
16/03/2018;6,65
15/03/2018;6,65
14/03/2018;6,65
13/03/2018;6,65
12/03/2018;6,65
09/03/2018;6,65
08/03/2018;6,65
07/03/2018;6,65
06/03/2018;6,65
05/03/2018;6,65
02/03/2018;6,65
01/03/2018;6,65
28/02/2018;6,65
27/02/2018;6,65
26/02/2018;6,65
23/02/2018;6,65
22/02/2018;6,65
21/02/2018;6,65
20/02/2018;6,65
19/02/2018;6,65
16/02/2018;6,65
15/02/2018;6,65
14/02/2018;6,65
09/02/2018;6,65
08/02/2018;6,65
07/02/2018;6,9
06/02/2018;6,9
05/02/2018;6,9
02/02/2018;6,9
01/02/2018;6,9
31/01/2018;6,9
30/01/2018;6,9
29/01/2018;6,9
26/01/2018;6,9
25/01/2018;6,9
24/01/2018;6,9
23/01/2018;6,9
22/01/2018;6,9
19/01/2018;6,9
18/01/2018;6,9
17/01/2018;6,9
16/01/2018;6,9
15/01/2018;6,9
12/01/2018;6,9
11/01/2018;6,9
10/01/2018;6,9
09/01/2018;6,9
08/01/2018;6,9
05/01/2018;6,9
04/01/2018;6,9
03/01/2018;6,9
02/01/2018;6,9
29/12/2017;6,9
28/12/2017;6,9
27/12/2017;6,9
26/12/2017;6,9
22/12/2017;6,9
21/12/2017;6,9
20/12/2017;6,9
19/12/2017;6,9
18/12/2017;6,9
15/12/2017;6,9
14/12/2017;6,9
13/12/2017;6,9
12/12/2017;6,9
11/12/2017;6,9
08/12/2017;6,9
07/12/2017;6,9
06/12/2017;7,4
05/12/2017;7,4
04/12/2017;7,4
01/12/2017;7,4
30/11/2017;7,4
29/11/2017;7,4
28/11/2017;7,4
27/11/2017;7,4
24/11/2017;7,4
23/11/2017;7,4
22/11/2017;7,4
21/11/2017;7,4
20/11/2017;7,4
17/11/2017;7,4
16/11/2017;7,4
14/11/2017;7,4
13/11/2017;7,4
10/11/2017;7,4
09/11/2017;7,4
08/11/2017;7,4
07/11/2017;7,4
06/11/2017;7,4
03/11/2017;7,4
01/11/2017;7,4
31/10/2017;7,4
30/10/2017;7,4
27/10/2017;7,4
26/10/2017;7,4
25/10/2017;8,15
24/10/2017;8,15
23/10/2017;8,15
20/10/2017;8,15
19/10/2017;8,15
18/10/2017;8,15
17/10/2017;8,15
16/10/2017;8,15
13/10/2017;8,15
11/10/2017;8,15
10/10/2017;8,15
09/10/2017;8,15
06/10/2017;8,15
05/10/2017;8,15
04/10/2017;8,15
03/10/2017;8,15
02/10/2017;8,15
29/09/2017;8,15
28/09/2017;8,15
27/09/2017;8,15
26/09/2017;8,15
25/09/2017;8,15
22/09/2017;8,15
21/09/2017;8,15
20/09/2017;8,15
19/09/2017;8,15
18/09/2017;8,15
15/09/2017;8,15
14/09/2017;8,15
13/09/2017;8,15
12/09/2017;8,15
11/09/2017;8,15
08/09/2017;8,15
06/09/2017;9,15
05/09/2017;9,15
04/09/2017;9,15
01/09/2017;9,15
31/08/2017;9,15
30/08/2017;9,15
29/08/2017;9,15
28/08/2017;9,15
25/08/2017;9,15
24/08/2017;9,15
23/08/2017;9,15
22/08/2017;9,15
21/08/2017;9,15
18/08/2017;9,15
17/08/2017;9,15
16/08/2017;9,15
15/08/2017;9,15
14/08/2017;9,15
11/08/2017;9,15
10/08/2017;9,15
09/08/2017;9,15
08/08/2017;9,15
07/08/2017;9,15
04/08/2017;9,15
03/08/2017;9,15
02/08/2017;9,15
01/08/2017;9,15
31/07/2017;9,15
28/07/2017;9,15
27/07/2017;9,15
26/07/2017;10,15
25/07/2017;10,15
24/07/2017;10,15
21/07/2017;10,15
20/07/2017;10,15
19/07/2017;10,15
18/07/2017;10,15
17/07/2017;10,15
14/07/2017;10,15
13/07/2017;10,15
12/07/2017;10,15
11/07/2017;10,15
10/07/2017;10,15
07/07/2017;10,15
06/07/2017;10,15
05/07/2017;10,15
04/07/2017;10,15
03/07/2017;10,15
30/06/2017;10,15
29/06/2017;10,15
28/06/2017;10,15
27/06/2017;10,15
26/06/2017;10,15
23/06/2017;10,15
22/06/2017;10,15
21/06/2017;10,15
20/06/2017;10,15
19/06/2017;10,15
16/06/2017;10,15
14/06/2017;10,15
13/06/2017;10,15
12/06/2017;10,15
09/06/2017;10,15
08/06/2017;10,15
07/06/2017;10,15
06/06/2017;10,15
05/06/2017;10,15
02/06/2017;10,15
01/06/2017;10,15
31/05/2017;11,15
30/05/2017;11,15
29/05/2017;11,15
26/05/2017;11,15
25/05/2017;11,15
24/05/2017;11,15
23/05/2017;11,15
22/05/2017;11,15
19/05/2017;11,15
18/05/2017;11,15
17/05/2017;11,15
16/05/2017;11,15
15/05/2017;11,15
12/05/2017;11,15
11/05/2017;11,15
10/05/2017;11,15
09/05/2017;11,15
08/05/2017;11,15
05/05/2017;11,15
04/05/2017;11,15
03/05/2017;11,15
02/05/2017;11,15
28/04/2017;11,15
27/04/2017;11,15
26/04/2017;11,15
25/04/2017;11,15
24/04/2017;11,15
20/04/2017;11,15
19/04/2017;11,15
18/04/2017;11,15
17/04/2017;11,15
13/04/2017;11,15
12/04/2017;12,15
11/04/2017;12,15
10/04/2017;12,15
07/04/2017;12,15
06/04/2017;12,15
05/04/2017;12,15
04/04/2017;12,15
03/04/2017;12,15
31/03/2017;12,15
30/03/2017;12,15
29/03/2017;12,15
28/03/2017;12,15
27/03/2017;12,15
24/03/2017;12,15
23/03/2017;12,15
22/03/2017;12,15
21/03/2017;12,15
20/03/2017;12,15
17/03/2017;12,15
16/03/2017;12,15
15/03/2017;12,15
14/03/2017;12,15
13/03/2017;12,15
10/03/2017;12,15
09/03/2017;12,15
08/03/2017;12,15
07/03/2017;12,15
06/03/2017;12,15
03/03/2017;12,15
02/03/2017;12,15
01/03/2017;12,15
24/02/2017;12,15
23/02/2017;12,15
22/02/2017;12,9
21/02/2017;12,9
20/02/2017;12,9
17/02/2017;12,9
16/02/2017;12,9
15/02/2017;12,9
14/02/2017;12,9
13/02/2017;12,9
10/02/2017;12,9
09/02/2017;12,9
08/02/2017;12,9
07/02/2017;12,9
06/02/2017;12,9
03/02/2017;12,9
02/02/2017;12,9
01/02/2017;12,9
31/01/2017;12,9
30/01/2017;12,9
27/01/2017;12,9
26/01/2017;12,9
25/01/2017;12,9
24/01/2017;12,9
23/01/2017;12,9
20/01/2017;12,9
19/01/2017;12,9
18/01/2017;12,9
17/01/2017;12,9
16/01/2017;12,9
13/01/2017;12,9
12/01/2017;12,9
11/01/2017;13,65
10/01/2017;13,65
09/01/2017;13,65
06/01/2017;13,65
05/01/2017;13,65
04/01/2017;13,65
03/01/2017;13,65
02/01/2017;13,65
30/12/2016;13,65
29/12/2016;13,65
28/12/2016;13,65
27/12/2016;13,65
26/12/2016;13,65
23/12/2016;13,65
22/12/2016;13,65
21/12/2016;13,65
20/12/2016;13,65
19/12/2016;13,65
16/12/2016;13,65
15/12/2016;13,65
14/12/2016;13,65
13/12/2016;13,65
12/12/2016;13,65
09/12/2016;13,65
08/12/2016;13,65
07/12/2016;13,65
06/12/2016;13,65
05/12/2016;13,65
02/12/2016;13,65
01/12/2016;13,65
30/11/2016;13,9
29/11/2016;13,9
28/11/2016;13,9
25/11/2016;13,9
24/11/2016;13,9
23/11/2016;13,9
22/11/2016;13,9
21/11/2016;13,9
18/11/2016;13,9
17/11/2016;13,9
16/11/2016;13,9
14/11/2016;13,9
11/11/2016;13,9
10/11/2016;13,9
09/11/2016;13,9
08/11/2016;13,9
07/11/2016;13,9
04/11/2016;13,9
03/11/2016;13,9
01/11/2016;13,9
31/10/2016;13,9
28/10/2016;13,9
27/10/2016;13,9
26/10/2016;13,9
25/10/2016;13,9
24/10/2016;13,9
21/10/2016;13,9
20/10/2016;13,9
19/10/2016;14,15
18/10/2016;14,15
17/10/2016;14,15
14/10/2016;14,15
13/10/2016;14,15
11/10/2016;14,15
10/10/2016;14,15
07/10/2016;14,15
06/10/2016;14,15
05/10/2016;14,15
04/10/2016;14,15
03/10/2016;14,15
30/09/2016;14,15
29/09/2016;14,15
28/09/2016;14,15
27/09/2016;14,15
26/09/2016;14,15
23/09/2016;14,15
22/09/2016;14,15
21/09/2016;14,15
20/09/2016;14,15
19/09/2016;14,15
16/09/2016;14,15
15/09/2016;14,15
14/09/2016;14,15
13/09/2016;14,15
12/09/2016;14,15
09/09/2016;14,15
08/09/2016;14,15
06/09/2016;14,15
05/09/2016;14,15
02/09/2016;14,15
01/09/2016;14,15
31/08/2016;14,15
30/08/2016;14,15
29/08/2016;14,15
26/08/2016;14,15
25/08/2016;14,15
24/08/2016;14,15
23/08/2016;14,15
22/08/2016;14,15
19/08/2016;14,15
18/08/2016;14,15
17/08/2016;14,15
16/08/2016;14,15
15/08/2016;14,15
12/08/2016;14,15
11/08/2016;14,15
10/08/2016;14,15
09/08/2016;14,15
08/08/2016;14,15
05/08/2016;14,15
04/08/2016;14,15
03/08/2016;14,15
02/08/2016;14,15
01/08/2016;14,15
29/07/2016;14,15
28/07/2016;14,15
27/07/2016;14,15
26/07/2016;14,15
25/07/2016;14,15
22/07/2016;14,15
21/07/2016;14,15
20/07/2016;14,15
19/07/2016;14,15
18/07/2016;14,15
15/07/2016;14,15
14/07/2016;14,15
13/07/2016;14,15
12/07/2016;14,15
11/07/2016;14,15
08/07/2016;14,15
07/07/2016;14,15
06/07/2016;14,15
05/07/2016;14,15
04/07/2016;14,15
01/07/2016;14,15
30/06/2016;14,15
29/06/2016;14,15
28/06/2016;14,15
27/06/2016;14,15
24/06/2016;14,15
23/06/2016;14,15
22/06/2016;14,15
21/06/2016;14,15
20/06/2016;14,15
17/06/2016;14,15
16/06/2016;14,15
15/06/2016;14,15
14/06/2016;14,15
13/06/2016;14,15
10/06/2016;14,15
09/06/2016;14,15
08/06/2016;14,15
07/06/2016;14,15
06/06/2016;14,15
03/06/2016;14,15
02/06/2016;14,15
01/06/2016;14,15
31/05/2016;14,15
30/05/2016;14,15
27/05/2016;14,15
25/05/2016;14,15
24/05/2016;14,15
23/05/2016;14,15
20/05/2016;14,15
19/05/2016;14,15
18/05/2016;14,15
17/05/2016;14,15
16/05/2016;14,15
13/05/2016;14,15
12/05/2016;14,15
11/05/2016;14,15
10/05/2016;14,15
09/05/2016;14,15
06/05/2016;14,15
05/05/2016;14,15
04/05/2016;14,15
03/05/2016;14,15
02/05/2016;14,15
29/04/2016;14,15
28/04/2016;14,15
27/04/2016;14,15
26/04/2016;14,15
25/04/2016;14,15
22/04/2016;14,15
20/04/2016;14,15
19/04/2016;14,15
18/04/2016;14,15
15/04/2016;14,15
14/04/2016;14,15
13/04/2016;14,15
12/04/2016;14,15
11/04/2016;14,15
08/04/2016;14,15
07/04/2016;14,15
06/04/2016;14,15
05/04/2016;14,15
04/04/2016;14,15
01/04/2016;14,15
31/03/2016;14,15
30/03/2016;14,15
29/03/2016;14,15
28/03/2016;14,15
24/03/2016;14,15
23/03/2016;14,15
22/03/2016;14,15
21/03/2016;14,15
18/03/2016;14,15
17/03/2016;14,15
16/03/2016;14,15
15/03/2016;14,15
14/03/2016;14,15
11/03/2016;14,15
10/03/2016;14,15
09/03/2016;14,15
08/03/2016;14,15
07/03/2016;14,15
04/03/2016;14,15
03/03/2016;14,15
02/03/2016;14,15
01/03/2016;14,15
29/02/2016;14,15
26/02/2016;14,15
25/02/2016;14,15
24/02/2016;14,15
23/02/2016;14,15
22/02/2016;14,15
19/02/2016;14,15
18/02/2016;14,15
17/02/2016;14,15
16/02/2016;14,15
15/02/2016;14,15
12/02/2016;14,15
11/02/2016;14,15
10/02/2016;14,15
05/02/2016;14,15
04/02/2016;14,15
03/02/2016;14,15
02/02/2016;14,15
01/02/2016;14,15
29/01/2016;14,15
28/01/2016;14,15
27/01/2016;14,15
26/01/2016;14,15
25/01/2016;14,15
22/01/2016;14,15
21/01/2016;14,15
20/01/2016;14,15
19/01/2016;14,15
18/01/2016;14,15
15/01/2016;14,15
14/01/2016;14,15
13/01/2016;14,15
12/01/2016;14,15
11/01/2016;14,15
08/01/2016;14,15
07/01/2016;14,15
06/01/2016;14,15
05/01/2016;14,15
04/01/2016;14,15
